timestamp,action_type,source_filename,sample_rate,duration_sec,details,output_filename
2026-09-25T02:29:12,load,iphone-2.mp3,44100,26.541,{},
2026-09-25T02:30:09,frequency_edit,iphone-2.mp3,44100,26.541,"{""operation"": ""remove"", ""low"": 560.5158737541935, ""high"": 10412.404435759712, ""gain"": 1.0, ""based_on"": ""iphone-2.mp3(v_0)""}",
2026-09-25T02:31:57,noise_add,iphone-2.mp3,44100,26.541,"{""noise_type"": ""white"", ""snr_db"": 15.0, ""hum_freq"": 50.0, ""based_on"": ""iphone-2.mp3(v_0)""}",
2026-09-25T02:32:30,noise_remove,iphone-2.mp3,44100,26.541,"{""profile_method"": ""auto"", ""reduction_strength"": 2.6, ""floor"": 0.01, ""suppress_transients"": true, ""based_on"": ""iphone-2+white_noise.mp3(v_2)""}",
2026-09-25T02:34:00,frequency_edit,iphone-2.mp3,44100,26.541,"{""operation"": ""amplify"", ""low"": 353.2323024231707, ""high"": 22049.98116155864, ""gain"": 5.5, ""based_on"": ""iphone-2+561-10412hz_removed.mp3(v_1)""}",
2026-09-25T02:36:11,load,car.mp3,48000,18.72,{},
2026-09-25T02:36:27,mix,car.mp3,44100,26.541,"{""mixed_with"": ""iphone-2.mp3"", ""gain"": 1.0, ""based_on"": ""car.mp3(v_0)""}",
2026-09-25T02:36:36,load,car_20260925_023636.mp3,48000,18.72,{},
2026-09-25T02:36:51,mix,car_20260925_023636.mp3,44100,26.541,"{""mixed_with"": ""iphone-2.mp3"", ""gain"": 1.0, ""based_on"": ""car_20260925_023636.mp3(v_0)""}",
2026-09-25T02:37:37,load,alarm.mp3,44100,28.475,{},
2026-09-25T02:37:54,mix,alarm.mp3,44100,28.475,"{""mixed_with"": ""iphone-2.mp3"", ""gain"": 1.0, ""based_on"": ""alarm.mp3(v_0)""}",
2026-09-25T02:38:07,mix,alarm.mp3,44100,28.475,"{""mixed_with"": ""car.mp3"", ""gain"": 1.0, ""based_on"": ""alarm+mix_iphone-2.mp3(v_1)""}",
2026-09-25T02:38:57,export,alarm.mp3,44100,28.475,"{""format"": ""wav"", ""saved_as"": ""alarm+mix_iphone-2+mix_car_v_2.wav""}",
2026-09-25T02:39:32,export,alarm.mp3,44100,28.475,"{""format"": ""wav"", ""saved_as"": ""alarm+mix_iphone-2+mix_car_v_2.wav""}",
2026-09-25T02:39:39,load,alarm+mix_iphone-2+mix_car_v_2.wav,44100,28.475,{},
2026-09-26T19:55:27,load,iphone-2.mp3,44100,26.541,{},
2026-09-26T19:55:51,load,iphone-2.mp3,44100,26.541,{},
2026-09-26T19:57:16,load,iphone-2.mp3,44100,26.541,{},
2026-09-26T19:58:15,noise_add,iphone-2.mp3,44100,26.541,"{""noise_type"": ""white"", ""snr_db"": 15.0, ""hum_freq"": 50.0, ""based_on"": ""iphone-2.mp3(v_0)""}",
2026-09-26T19:58:28,export,iphone-2.mp3,44100,26.541,"{""format"": ""wav"", ""saved_as"": ""iphone-2+white_noise_v_1.wav""}",
2026-09-26T19:58:39,load,iphone-2+white_noise_v_1.wav,44100,26.541,{},
2026-09-26T19:59:08,load,iphone-2.mp3,44100,26.541,{},
2026-09-26T19:59:43,noise_add,iphone-2.mp3,44100,26.541,"{""noise_type"": ""drift"", ""snr_db"": 15.0, ""hum_freq"": 50.0, ""based_on"": ""iphone-2.mp3(v_0)""}",
2026-09-26T20:00:08,export,iphone-2.mp3,44100,26.541,"{""format"": ""wav"", ""saved_as"": ""iphone-2+drift_noise_v_1.wav""}",
2026-09-26T20:00:25,load,iphone-2+drift_noise_v_1.wav,44100,26.541,{},
2026-09-26T20:01:10,load,iphone-2.mp3,44100,26.541,{},
2026-09-26T20:01:38,noise_add,iphone-2.mp3,44100,26.541,"{""noise_type"": ""burst"", ""snr_db"": 15.0, ""hum_freq"": 50.0, ""based_on"": ""iphone-2.mp3(v_0)""}",
2026-09-26T20:02:23,export,iphone-2.mp3,44100,26.541,"{""format"": ""wav"", ""saved_as"": ""iphone-2+burst_noise_v_1.wav""}",
2026-09-26T20:04:01,load,car.mp3,48000,18.72,{},
2026-09-26T20:04:43,load,iphone-2+burst_noise_v_1.wav,44100,26.541,{},
2026-09-26T20:04:57,load,iphone-2+white_noise_v_1.wav,44100,26.541,{},
2026-09-26T20:27:22,load,car.mp3,48000,18.72,{},
2026-09-26T20:28:36,frequency_edit,car.mp3,48000,18.72,"{""operation"": ""amplify"", ""low"": 427.59693850408763, ""high"": 13045.80826204289, ""gain"": 6.0, ""based_on"": ""car.mp3(v_0)""}",
2026-09-26T20:31:34,frequency_edit,car.mp3,48000,18.72,"{""operation"": ""attenuate"", ""low"": 213.04644949095078, ""high"": 14974.513255039066, ""gain"": 0.6, ""based_on"": ""car.mp3(v_0)""}",
2026-09-26T20:34:15,frequency_edit,car.mp3,48000,18.72,"{""operation"": ""isolate"", ""low"": 483.74108137799203, ""high"": 7515.261520816357, ""gain"": 1.0, ""based_on"": ""car+213-14975hz_attenuated.mp3(v_2)""}",
2026-09-26T20:35:23,load,car.mp3,48000,18.72,{},
2026-09-26T20:35:40,noise_add,car.mp3,48000,18.72,"{""noise_type"": ""white"", ""snr_db"": 15.0, ""hum_freq"": 50.0, ""based_on"": ""car.mp3(v_0)""}",
2026-09-26T20:37:12,noise_remove,car.mp3,48000,18.72,"{""profile_method"": ""auto"", ""reduction_strength"": 1.3, ""floor"": 0.02, ""suppress_transients"": true, ""based_on"": ""car+white_noise.mp3(v_1)""}",
2026-09-26T20:38:59,frequency_edit,car.mp3,48000,18.72,"{""operation"": ""amplify"", ""low"": 356.6505071376652, ""high"": 14974.513255039066, ""gain"": 6.0, ""based_on"": ""car.mp3(v_0)""}",
2026-09-26T20:43:46,load,car.mp3,48000,18.72,{},
2026-09-26T20:44:02,frequency_edit,car.mp3,48000,18.72,"{""operation"": ""amplify"", ""low"": 1082.5508417311466, ""high"": 19873.20126516591, ""gain"": 3.5, ""based_on"": ""car.mp3(v_0)""}",
